{
    "parent": "block/block",
    "textures": {
        "0": "better_furnace:furnace/iron_furnace_front_off",
        "1": "better_furnace:furnace/iron_furnace_side",
        "2": "better_furnace:furnace/iron_furnace_top"
    },
    "elements": [
        {
            "from": [0, 0, 0],
            "to": [16, 16, 16],
            "rotation": {"angle": 0, "axis": "y", "origin": [0, 0, 0]},
            "faces": {
                "north": {"uv": [0, 0, 16, 16], "texture": "#0"},
                "east": {"uv": [0, 0, 16, 16], "texture": "#1"},
                "south": {"uv": [0, 0, 16, 16], "texture": "#1"},
                "west": {"uv": [0, 0, 16, 16], "texture": "#1"},
                "up": {"uv": [0, 0, 16, 16], "texture": "#2"},
                "down": {"uv": [0, 0, 16, 16], "texture": "#1"}
            }
        }
    ]
}