{
    "parent": "item/handheld",
    "textures": {
        "layer0": "item/spawn_egg"
    },
    "overrides": [
        { "predicate": {"custom_model_data": 0}, "model": "better_furnace:spawn_egg"},
        { "predicate": {"custom_model_data": 1}, "model": "better_furnace:furnace/iron_furnace_item"},
        { "predicate": {"custom_model_data": 2}, "model": "better_furnace:furnace/golden_furnace_item"},
        { "predicate": {"custom_model_data": 3}, "model": "better_furnace:furnace/diamond_furnace_item"},
        { "predicate": {"custom_model_data": 4}, "model": "better_furnace:furnace/extreme_furnace_item"}
    ]
}