{
    "providers": [
        {
            "type": "ttf",
            "file": "minecraft:negative_spaces.ttf",
            "shift": [0.0, 0.0],
            "size": 10.0,
            "oversample": 1.0
        },
        { "type": "bitmap", "file": "better_furnace:craft/iron.png", "ascent": 10, "height": 64, "chars": ["\uE80a"]},
        { "type": "bitmap", "file": "better_furnace:craft/golden.png", "ascent": 10, "height": 64, "chars": ["\uE80b"]},
        { "type": "bitmap", "file": "better_furnace:craft/diamond.png", "ascent": 10, "height": 64, "chars": ["\uE80c"]},
        { "type": "bitmap", "file": "better_furnace:craft/extreme.png", "ascent": 10, "height": 64, "chars": ["\uE80d"]}
    ]
}