{
  "multipart": [
			{   "when": { "north": "none", "south": "none", "west": "none", "east": "none", "power": 0 },"apply": { "model": "block/redstone_wire/redstone_dust_dot_0" }},
			{   "when": { "north": "none", "south": "none", "west": "none", "east": "none", "power": 1 },"apply": { "model": "block/redstone_wire/redstone_dust_dot_1" }},
			{   "when": { "north": "none", "south": "none", "west": "none", "east": "none", "power": 2 },"apply": { "model": "block/redstone_wire/redstone_dust_dot_2" }},
			{   "when": { "north": "none", "south": "none", "west": "none", "east": "none", "power": 3 },"apply": { "model": "block/redstone_wire/redstone_dust_dot_3" }},
			{   "when": { "north": "none", "south": "none", "west": "none", "east": "none", "power": 4 },"apply": { "model": "block/redstone_wire/redstone_dust_dot_4" }},
			{   "when": { "north": "none", "south": "none", "west": "none", "east": "none", "power": 5 },"apply": { "model": "block/redstone_wire/redstone_dust_dot_5" }},
			{   "when": { "north": "none", "south": "none", "west": "none", "east": "none", "power": 6 },"apply": { "model": "block/redstone_wire/redstone_dust_dot_6" }},
			{   "when": { "north": "none", "south": "none", "west": "none", "east": "none", "power": 7 },"apply": { "model": "block/redstone_wire/redstone_dust_dot_7" }},
			{   "when": { "north": "none", "south": "none", "west": "none", "east": "none", "power": 8 },"apply": { "model": "block/redstone_wire/redstone_dust_dot_8" }},
			{   "when": { "north": "none", "south": "none", "west": "none", "east": "none", "power": 9 },"apply": { "model": "block/redstone_wire/redstone_dust_dot_9" }},
			{   "when": { "north": "none", "south": "none", "west": "none", "east": "none", "power": 10 },"apply": { "model": "block/redstone_wire/redstone_dust_dot_10" }},
			{   "when": { "north": "none", "south": "none", "west": "none", "east": "none", "power": 11 },"apply": { "model": "block/redstone_wire/redstone_dust_dot_11" }},
			{   "when": { "north": "none", "south": "none", "west": "none", "east": "none", "power": 12 },"apply": { "model": "block/redstone_wire/redstone_dust_dot_12" }},
			{   "when": { "north": "none", "south": "none", "west": "none", "east": "none", "power": 13 },"apply": { "model": "block/redstone_wire/redstone_dust_dot_13" }},
			{   "when": { "north": "none", "south": "none", "west": "none", "east": "none", "power": 14 },"apply": { "model": "block/redstone_wire/redstone_dust_dot_14" }},
			{   "when": { "north": "none", "south": "none", "west": "none", "east": "none", "power": 15 },"apply": { "model": "block/redstone_wire/redstone_dust_dot_15" }},
			
			{   "when": { "north": "side|up", "south": "side|up", "west": "side|up", "east": "side|up", "power": 0 },"apply": { "model": "block/redstone_wire/redstone_dust_cross_0" }},
			{   "when": { "north": "side|up", "south": "side|up", "west": "side|up", "east": "side|up", "power": 1 },"apply": { "model": "block/redstone_wire/redstone_dust_cross_1" }},
			{   "when": { "north": "side|up", "south": "side|up", "west": "side|up", "east": "side|up", "power": 2 },"apply": { "model": "block/redstone_wire/redstone_dust_cross_2" }},
			{   "when": { "north": "side|up", "south": "side|up", "west": "side|up", "east": "side|up", "power": 3 },"apply": { "model": "block/redstone_wire/redstone_dust_cross_3" }},
			{   "when": { "north": "side|up", "south": "side|up", "west": "side|up", "east": "side|up", "power": 4 },"apply": { "model": "block/redstone_wire/redstone_dust_cross_4" }},
			{   "when": { "north": "side|up", "south": "side|up", "west": "side|up", "east": "side|up", "power": 5 },"apply": { "model": "block/redstone_wire/redstone_dust_cross_5" }},
			{   "when": { "north": "side|up", "south": "side|up", "west": "side|up", "east": "side|up", "power": 6 },"apply": { "model": "block/redstone_wire/redstone_dust_cross_6" }},
			{   "when": { "north": "side|up", "south": "side|up", "west": "side|up", "east": "side|up", "power": 7 },"apply": { "model": "block/redstone_wire/redstone_dust_cross_7" }},
			{   "when": { "north": "side|up", "south": "side|up", "west": "side|up", "east": "side|up", "power": 8 },"apply": { "model": "block/redstone_wire/redstone_dust_cross_8" }},
			{   "when": { "north": "side|up", "south": "side|up", "west": "side|up", "east": "side|up", "power": 9 },"apply": { "model": "block/redstone_wire/redstone_dust_cross_9" }},
			{   "when": { "north": "side|up", "south": "side|up", "west": "side|up", "east": "side|up", "power": 10 },"apply": { "model": "block/redstone_wire/redstone_dust_cross_10" }},
			{   "when": { "north": "side|up", "south": "side|up", "west": "side|up", "east": "side|up", "power": 11 },"apply": { "model": "block/redstone_wire/redstone_dust_cross_11" }},
			{   "when": { "north": "side|up", "south": "side|up", "west": "side|up", "east": "side|up", "power": 12 },"apply": { "model": "block/redstone_wire/redstone_dust_cross_12" }},
			{   "when": { "north": "side|up", "south": "side|up", "west": "side|up", "east": "side|up", "power": 13 },"apply": { "model": "block/redstone_wire/redstone_dust_cross_13" }},
			{   "when": { "north": "side|up", "south": "side|up", "west": "side|up", "east": "side|up", "power": 14 },"apply": { "model": "block/redstone_wire/redstone_dust_cross_14" }},
			{   "when": { "north": "side|up", "south": "side|up", "west": "side|up", "east": "side|up", "power": 15 },"apply": { "model": "block/redstone_wire/redstone_dust_cross_15" }},
			
			{   "when": { "north": "side|up", "south": "side|up", "west": "none", "east": "none", "power": 0 },"apply": { "model": "block/redstone_wire/redstone_dust_line"}},
			{   "when": { "north": "none", "south": "none", "west": "side|up", "east": "side|up", "power": 0 },"apply": { "model": "block/redstone_wire/redstone_dust_line", "y": 90 }},
			
			{   "when": { "north": "side|up", "south": "side|up", "west": "none", "east": "none", "power": 1 },"apply": { "model": "block/redstone_wire/redstone_dust_line_on"}},
			{   "when": { "north": "none", "south": "none", "west": "side|up", "east": "side|up", "power": 1 },"apply": { "model": "block/redstone_wire/redstone_dust_line_on", "y": 90 }},
			
			{   "when": { "north": "side|up", "south": "side|up", "west": "none", "east": "none", "power": 2 },"apply": { "model": "block/redstone_wire/redstone_dust_line_on"}},
			{   "when": { "north": "none", "south": "none", "west": "side|up", "east": "side|up", "power": 2 },"apply": { "model": "block/redstone_wire/redstone_dust_line_on", "y": 90 }},
			
			{   "when": { "north": "side|up", "south": "side|up", "west": "none", "east": "none", "power": 3 },"apply": { "model": "block/redstone_wire/redstone_dust_line_on"}},
			{   "when": { "north": "none", "south": "none", "west": "side|up", "east": "side|up", "power": 3 },"apply": { "model": "block/redstone_wire/redstone_dust_line_on", "y": 90 }},
			
			{   "when": { "north": "side|up", "south": "side|up", "west": "none", "east": "none", "power": 4 },"apply": { "model": "block/redstone_wire/redstone_dust_line_on"}},
			{   "when": { "north": "none", "south": "none", "west": "side|up", "east": "side|up", "power": 4 },"apply": { "model": "block/redstone_wire/redstone_dust_line_on", "y": 90 }},
			
			{   "when": { "north": "side|up", "south": "side|up", "west": "none", "east": "none", "power": 5 },"apply": { "model": "block/redstone_wire/redstone_dust_line_on"}},
			{   "when": { "north": "none", "south": "none", "west": "side|up", "east": "side|up", "power": 5 },"apply": { "model": "block/redstone_wire/redstone_dust_line_on", "y": 90 }},
			
			{   "when": { "north": "side|up", "south": "side|up", "west": "none", "east": "none", "power": 6 },"apply": { "model": "block/redstone_wire/redstone_dust_line_on"}},
			{   "when": { "north": "none", "south": "none", "west": "side|up", "east": "side|up", "power": 6 },"apply": { "model": "block/redstone_wire/redstone_dust_line_on", "y": 90 }},
			
			{   "when": { "north": "side|up", "south": "side|up", "west": "none", "east": "none", "power": 7 },"apply": { "model": "block/redstone_wire/redstone_dust_line_on"}},
			{   "when": { "north": "none", "south": "none", "west": "side|up", "east": "side|up", "power": 7 },"apply": { "model": "block/redstone_wire/redstone_dust_line_on", "y": 90 }},
			
			{   "when": { "north": "side|up", "south": "side|up", "west": "none", "east": "none", "power": 8 },"apply": { "model": "block/redstone_wire/redstone_dust_line_on"}},
			{   "when": { "north": "none", "south": "none", "west": "side|up", "east": "side|up", "power": 8 },"apply": { "model": "block/redstone_wire/redstone_dust_line_on", "y": 90 }},

			{   "when": { "north": "side|up", "south": "side|up", "west": "none", "east": "none", "power": 9 },"apply": { "model": "block/redstone_wire/redstone_dust_line_on"}},
			{   "when": { "north": "none", "south": "none", "west": "side|up", "east": "side|up", "power": 9 },"apply": { "model": "block/redstone_wire/redstone_dust_line_on", "y": 90 }},
			
			{   "when": { "north": "side|up", "south": "side|up", "west": "none", "east": "none", "power": 10 },"apply": { "model": "block/redstone_wire/redstone_dust_line_on"}},
			{   "when": { "north": "none", "south": "none", "west": "side|up", "east": "side|up", "power": 10 },"apply": { "model": "block/redstone_wire/redstone_dust_line_on", "y": 90 }},
			
			{   "when": { "north": "side|up", "south": "side|up", "west": "none", "east": "none", "power": 11 },"apply": { "model": "block/redstone_wire/redstone_dust_line_on"}},
			{   "when": { "north": "none", "south": "none", "west": "side|up", "east": "side|up", "power": 11 },"apply": { "model": "block/redstone_wire/redstone_dust_line_on", "y": 90 }},
			
			{   "when": { "north": "side|up", "south": "side|up", "west": "none", "east": "none", "power": 12 },"apply": { "model": "block/redstone_wire/redstone_dust_line_on"}},
			{   "when": { "north": "none", "south": "none", "west": "side|up", "east": "side|up", "power": 12 },"apply": { "model": "block/redstone_wire/redstone_dust_line_on", "y": 90 }},
			
			{   "when": { "north": "side|up", "south": "side|up", "west": "none", "east": "none", "power": 13 },"apply": { "model": "block/redstone_wire/redstone_dust_line_on"}},
			{   "when": { "north": "none", "south": "none", "west": "side|up", "east": "side|up", "power": 13 },"apply": { "model": "block/redstone_wire/redstone_dust_line_on", "y": 90 }},
			
			{   "when": { "north": "side|up", "south": "side|up", "west": "none", "east": "none", "power": 14 },"apply": { "model": "block/redstone_wire/redstone_dust_line_on"}},
			{   "when": { "north": "none", "south": "none", "west": "side|up", "east": "side|up", "power": 14 },"apply": { "model": "block/redstone_wire/redstone_dust_line_on", "y": 90 }},
			
			{   "when": { "north": "side|up", "south": "side|up", "west": "none", "east": "none", "power": 15 },"apply": { "model": "block/redstone_wire/redstone_dust_line_on"}},
			{   "when": { "north": "none", "south": "none", "west": "side|up", "east": "side|up", "power": 15 },"apply": { "model": "block/redstone_wire/redstone_dust_line_on", "y": 90 }},
			
			{   "when": { "north": "up", "power": 0 },"apply": { "model": "block/redstone_wire/redstone_dust_line_up"}},
			{   "when": { "east": "up", "power": 0 },"apply": { "model": "block/redstone_wire/redstone_dust_line_up", "y": 90 }},
			{   "when": { "south": "up", "power": 0 },"apply": { "model": "block/redstone_wire/redstone_dust_line_up", "y": 180 }},
			{   "when": { "west": "up", "power": 0 },"apply": { "model": "block/redstone_wire/redstone_dust_line_up", "y": 270 }},
			
			{   "when": { "north": "up", "power": 1 },"apply": { "model": "block/redstone_wire/redstone_dust_line_up_on"}},
			{   "when": { "east": "up", "power": 1 },"apply": { "model": "block/redstone_wire/redstone_dust_line_up_on", "y": 90 }},
			{   "when": { "south": "up", "power": 1 },"apply": { "model": "block/redstone_wire/redstone_dust_line_up_on", "y": 180 }},
			{   "when": { "west": "up", "power": 1 },"apply": { "model": "block/redstone_wire/redstone_dust_line_up_on", "y": 270 }},
			
			{   "when": { "north": "up", "power": 2 },"apply": { "model": "block/redstone_wire/redstone_dust_line_up_on"}},
			{   "when": { "east": "up", "power": 2 },"apply": { "model": "block/redstone_wire/redstone_dust_line_up_on", "y": 90 }},
			{   "when": { "south": "up", "power": 2 },"apply": { "model": "block/redstone_wire/redstone_dust_line_up_on", "y": 180 }},
			{   "when": { "west": "up", "power": 2 },"apply": { "model": "block/redstone_wire/redstone_dust_line_up_on", "y": 270 }},
			
			{   "when": { "north": "up", "power": 3 },"apply": { "model": "block/redstone_wire/redstone_dust_line_up_on"}},
			{   "when": { "east": "up", "power": 3 },"apply": { "model": "block/redstone_wire/redstone_dust_line_up_on", "y": 90 }},
			{   "when": { "south": "up", "power": 3 },"apply": { "model": "block/redstone_wire/redstone_dust_line_up_on", "y": 180 }},
			{   "when": { "west": "up", "power": 3 },"apply": { "model": "block/redstone_wire/redstone_dust_line_up_on", "y": 270 }},
			
			{   "when": { "north": "up", "power": 4 },"apply": { "model": "block/redstone_wire/redstone_dust_line_up_on"}},
			{   "when": { "east": "up", "power": 4 },"apply": { "model": "block/redstone_wire/redstone_dust_line_up_on", "y": 90 }},
			{   "when": { "south": "up", "power": 4 },"apply": { "model": "block/redstone_wire/redstone_dust_line_up_on", "y": 180 }},
			{   "when": { "west": "up", "power": 4 },"apply": { "model": "block/redstone_wire/redstone_dust_line_up_on", "y": 270 }},
			
			{   "when": { "north": "up", "power": 5 },"apply": { "model": "block/redstone_wire/redstone_dust_line_up_on"}},
			{   "when": { "east": "up", "power": 5 },"apply": { "model": "block/redstone_wire/redstone_dust_line_up_on", "y": 90 }},
			{   "when": { "south": "up", "power": 5 },"apply": { "model": "block/redstone_wire/redstone_dust_line_up_on", "y": 180 }},
			{   "when": { "west": "up", "power": 5 },"apply": { "model": "block/redstone_wire/redstone_dust_line_up_on", "y": 270 }},
			
			{   "when": { "north": "up", "power": 6 },"apply": { "model": "block/redstone_wire/redstone_dust_line_up_on"}},
			{   "when": { "east": "up", "power": 6 },"apply": { "model": "block/redstone_wire/redstone_dust_line_up_on", "y": 90 }},
			{   "when": { "south": "up", "power": 6 },"apply": { "model": "block/redstone_wire/redstone_dust_line_up_on", "y": 180 }},
			{   "when": { "west": "up", "power": 6 },"apply": { "model": "block/redstone_wire/redstone_dust_line_up_on", "y": 270 }},
			
			{   "when": { "north": "up", "power": 7 },"apply": { "model": "block/redstone_wire/redstone_dust_line_up_on"}},
			{   "when": { "east": "up", "power": 7 },"apply": { "model": "block/redstone_wire/redstone_dust_line_up_on", "y": 90 }},
			{   "when": { "south": "up", "power": 7 },"apply": { "model": "block/redstone_wire/redstone_dust_line_up_on", "y": 180 }},
			{   "when": { "west": "up", "power": 7 },"apply": { "model": "block/redstone_wire/redstone_dust_line_up_on", "y": 270 }},
			
			{   "when": { "north": "up", "power": 8 },"apply": { "model": "block/redstone_wire/redstone_dust_line_up_on"}},
			{   "when": { "east": "up", "power": 8 },"apply": { "model": "block/redstone_wire/redstone_dust_line_up_on", "y": 90 }},
			{   "when": { "south": "up", "power": 8 },"apply": { "model": "block/redstone_wire/redstone_dust_line_up_on", "y": 180 }},
			{   "when": { "west": "up", "power": 8 },"apply": { "model": "block/redstone_wire/redstone_dust_line_up_on", "y": 270 }},
			
			{   "when": { "north": "up", "power": 9 },"apply": { "model": "block/redstone_wire/redstone_dust_line_up_on"}},
			{   "when": { "east": "up", "power": 9 },"apply": { "model": "block/redstone_wire/redstone_dust_line_up_on", "y": 90 }},
			{   "when": { "south": "up", "power": 9 },"apply": { "model": "block/redstone_wire/redstone_dust_line_up_on", "y": 180 }},
			{   "when": { "west": "up", "power": 9 },"apply": { "model": "block/redstone_wire/redstone_dust_line_up_on", "y": 270 }},
			
			{   "when": { "north": "up", "power": 10 },"apply": { "model": "block/redstone_wire/redstone_dust_line_up_on"}},
			{   "when": { "east": "up", "power": 10 },"apply": { "model": "block/redstone_wire/redstone_dust_line_up_on", "y": 90 }},
			{   "when": { "south": "up", "power": 10 },"apply": { "model": "block/redstone_wire/redstone_dust_line_up_on", "y": 180 }},
			{   "when": { "west": "up", "power": 10 },"apply": { "model": "block/redstone_wire/redstone_dust_line_up_on", "y": 270 }},
			
			{   "when": { "north": "up", "power": 11 },"apply": { "model": "block/redstone_wire/redstone_dust_line_up_on"}},
			{   "when": { "east": "up", "power": 11 },"apply": { "model": "block/redstone_wire/redstone_dust_line_up_on", "y": 90 }},
			{   "when": { "south": "up", "power": 11 },"apply": { "model": "block/redstone_wire/redstone_dust_line_up_on", "y": 180 }},
			{   "when": { "west": "up", "power": 11 },"apply": { "model": "block/redstone_wire/redstone_dust_line_up_on", "y": 270 }},
			
			{   "when": { "north": "up", "power": 12 },"apply": { "model": "block/redstone_wire/redstone_dust_line_up_on"}},
			{   "when": { "east": "up", "power": 12 },"apply": { "model": "block/redstone_wire/redstone_dust_line_up_on", "y": 90 }},
			{   "when": { "south": "up", "power": 12 },"apply": { "model": "block/redstone_wire/redstone_dust_line_up_on", "y": 180 }},
			{   "when": { "west": "up", "power": 12 },"apply": { "model": "block/redstone_wire/redstone_dust_line_up_on", "y": 270 }},
			
			{   "when": { "north": "up", "power": 13 },"apply": { "model": "block/redstone_wire/redstone_dust_line_up_on"}},
			{   "when": { "east": "up", "power": 13 },"apply": { "model": "block/redstone_wire/redstone_dust_line_up_on", "y": 90 }},
			{   "when": { "south": "up", "power": 13 },"apply": { "model": "block/redstone_wire/redstone_dust_line_up_on", "y": 180 }},
			{   "when": { "west": "up", "power": 13 },"apply": { "model": "block/redstone_wire/redstone_dust_line_up_on", "y": 270 }},
			
			{   "when": { "north": "up", "power": 14 },"apply": { "model": "block/redstone_wire/redstone_dust_line_up_on"}},
			{   "when": { "east": "up", "power": 14 },"apply": { "model": "block/redstone_wire/redstone_dust_line_up_on", "y": 90 }},
			{   "when": { "south": "up", "power": 14 },"apply": { "model": "block/redstone_wire/redstone_dust_line_up_on", "y": 180 }},
			{   "when": { "west": "up", "power": 14 },"apply": { "model": "block/redstone_wire/redstone_dust_line_up_on", "y": 270 }},
			
			{   "when": { "north": "up", "power": 15 },"apply": { "model": "block/redstone_wire/redstone_dust_line_up_on"}},
			{   "when": { "east": "up", "power": 15 },"apply": { "model": "block/redstone_wire/redstone_dust_line_up_on", "y": 90 }},
			{   "when": { "south": "up", "power": 15 },"apply": { "model": "block/redstone_wire/redstone_dust_line_up_on", "y": 180 }},
			{   "when": { "west": "up", "power": 15 },"apply": { "model": "block/redstone_wire/redstone_dust_line_up_on", "y": 270 }},
			
			{   "when": { "north": "side|up", "south": "none", "west": "none", "east": "side|up", "power": 0 },"apply": { "model": "block/redstone_wire/redstone_dust_corner"}},
			{   "when": { "north": "none", "south": "side|up", "west": "none", "east": "side|up", "power": 0 },"apply": { "model": "block/redstone_wire/redstone_dust_corner", "y": 90 }},
			{   "when": { "north": "none", "south": "side|up", "west": "side|up", "east": "none", "power": 0 },"apply": { "model": "block/redstone_wire/redstone_dust_corner", "y": 180}},
			{   "when": { "north": "side|up", "south": "none", "west": "side|up", "east": "none", "power": 0 },"apply": { "model": "block/redstone_wire/redstone_dust_corner", "y": 270 }},
			
			{   "when": { "north": "side|up", "south": "none", "west": "none", "east": "side|up", "power": 1 },"apply": { "model": "block/redstone_wire/redstone_dust_corner_on"}},
			{   "when": { "north": "none", "south": "side|up", "west": "none", "east": "side|up", "power": 1 },"apply": { "model": "block/redstone_wire/redstone_dust_corner_on", "y": 90 }},
			{   "when": { "north": "none", "south": "side|up", "west": "side|up", "east": "none", "power": 1 },"apply": { "model": "block/redstone_wire/redstone_dust_corner_on", "y": 180}},
			{   "when": { "north": "side|up", "south": "none", "west": "side|up", "east": "none", "power": 1 },"apply": { "model": "block/redstone_wire/redstone_dust_corner_on", "y": 270 }},
			
			{   "when": { "north": "side|up", "south": "none", "west": "none", "east": "side|up", "power": 2 },"apply": { "model": "block/redstone_wire/redstone_dust_corner_on"}},
			{   "when": { "north": "none", "south": "side|up", "west": "none", "east": "side|up", "power": 2 },"apply": { "model": "block/redstone_wire/redstone_dust_corner_on", "y": 90 }},
			{   "when": { "north": "none", "south": "side|up", "west": "side|up", "east": "none", "power": 2 },"apply": { "model": "block/redstone_wire/redstone_dust_corner_on", "y": 180}},
			{   "when": { "north": "side|up", "south": "none", "west": "side|up", "east": "none", "power": 2 },"apply": { "model": "block/redstone_wire/redstone_dust_corner_on", "y": 270 }},
			
			{   "when": { "north": "side|up", "south": "none", "west": "none", "east": "side|up", "power": 3 },"apply": { "model": "block/redstone_wire/redstone_dust_corner_on"}},
			{   "when": { "north": "none", "south": "side|up", "west": "none", "east": "side|up", "power": 3 },"apply": { "model": "block/redstone_wire/redstone_dust_corner_on", "y": 90 }},
			{   "when": { "north": "none", "south": "side|up", "west": "side|up", "east": "none", "power": 3 },"apply": { "model": "block/redstone_wire/redstone_dust_corner_on", "y": 180}},
			{   "when": { "north": "side|up", "south": "none", "west": "side|up", "east": "none", "power": 3 },"apply": { "model": "block/redstone_wire/redstone_dust_corner_on", "y": 270 }},
			
			{   "when": { "north": "side|up", "south": "none", "west": "none", "east": "side|up", "power": 4 },"apply": { "model": "block/redstone_wire/redstone_dust_corner_on"}},
			{   "when": { "north": "none", "south": "side|up", "west": "none", "east": "side|up", "power": 4 },"apply": { "model": "block/redstone_wire/redstone_dust_corner_on", "y": 90 }},
			{   "when": { "north": "none", "south": "side|up", "west": "side|up", "east": "none", "power": 4 },"apply": { "model": "block/redstone_wire/redstone_dust_corner_on", "y": 180}},
			{   "when": { "north": "side|up", "south": "none", "west": "side|up", "east": "none", "power": 4 },"apply": { "model": "block/redstone_wire/redstone_dust_corner_on", "y": 270 }},
			
			{   "when": { "north": "side|up", "south": "none", "west": "none", "east": "side|up", "power": 5 },"apply": { "model": "block/redstone_wire/redstone_dust_corner_on"}},
			{   "when": { "north": "none", "south": "side|up", "west": "none", "east": "side|up", "power": 5 },"apply": { "model": "block/redstone_wire/redstone_dust_corner_on", "y": 90 }},
			{   "when": { "north": "none", "south": "side|up", "west": "side|up", "east": "none", "power": 5 },"apply": { "model": "block/redstone_wire/redstone_dust_corner_on", "y": 180}},
			{   "when": { "north": "side|up", "south": "none", "west": "side|up", "east": "none", "power": 5 },"apply": { "model": "block/redstone_wire/redstone_dust_corner_on", "y": 270 }},
			
			{   "when": { "north": "side|up", "south": "none", "west": "none", "east": "side|up", "power": 6 },"apply": { "model": "block/redstone_wire/redstone_dust_corner_on"}},
			{   "when": { "north": "none", "south": "side|up", "west": "none", "east": "side|up", "power": 6 },"apply": { "model": "block/redstone_wire/redstone_dust_corner_on", "y": 90 }},
			{   "when": { "north": "none", "south": "side|up", "west": "side|up", "east": "none", "power": 6 },"apply": { "model": "block/redstone_wire/redstone_dust_corner_on", "y": 180}},
			{   "when": { "north": "side|up", "south": "none", "west": "side|up", "east": "none", "power": 6 },"apply": { "model": "block/redstone_wire/redstone_dust_corner_on", "y": 270 }},
			
			{   "when": { "north": "side|up", "south": "none", "west": "none", "east": "side|up", "power": 7 },"apply": { "model": "block/redstone_wire/redstone_dust_corner_on"}},
			{   "when": { "north": "none", "south": "side|up", "west": "none", "east": "side|up", "power": 7 },"apply": { "model": "block/redstone_wire/redstone_dust_corner_on", "y": 90 }},
			{   "when": { "north": "none", "south": "side|up", "west": "side|up", "east": "none", "power": 7 },"apply": { "model": "block/redstone_wire/redstone_dust_corner_on", "y": 180}},
			{   "when": { "north": "side|up", "south": "none", "west": "side|up", "east": "none", "power": 7 },"apply": { "model": "block/redstone_wire/redstone_dust_corner_on", "y": 270 }},
			
			{   "when": { "north": "side|up", "south": "none", "west": "none", "east": "side|up", "power": 8 },"apply": { "model": "block/redstone_wire/redstone_dust_corner_on"}},
			{   "when": { "north": "none", "south": "side|up", "west": "none", "east": "side|up", "power": 8 },"apply": { "model": "block/redstone_wire/redstone_dust_corner_on", "y": 90 }},
			{   "when": { "north": "none", "south": "side|up", "west": "side|up", "east": "none", "power": 8 },"apply": { "model": "block/redstone_wire/redstone_dust_corner_on", "y": 180}},
			{   "when": { "north": "side|up", "south": "none", "west": "side|up", "east": "none", "power": 8 },"apply": { "model": "block/redstone_wire/redstone_dust_corner_on", "y": 270 }},
			
			{   "when": { "north": "side|up", "south": "none", "west": "none", "east": "side|up", "power": 9 },"apply": { "model": "block/redstone_wire/redstone_dust_corner_on"}},
			{   "when": { "north": "none", "south": "side|up", "west": "none", "east": "side|up", "power": 9 },"apply": { "model": "block/redstone_wire/redstone_dust_corner_on", "y": 90 }},
			{   "when": { "north": "none", "south": "side|up", "west": "side|up", "east": "none", "power": 9 },"apply": { "model": "block/redstone_wire/redstone_dust_corner_on", "y": 180}},
			{   "when": { "north": "side|up", "south": "none", "west": "side|up", "east": "none", "power": 9 },"apply": { "model": "block/redstone_wire/redstone_dust_corner_on", "y": 270 }},
			
			{   "when": { "north": "side|up", "south": "none", "west": "none", "east": "side|up", "power": 10 },"apply": { "model": "block/redstone_wire/redstone_dust_corner_on"}},
			{   "when": { "north": "none", "south": "side|up", "west": "none", "east": "side|up", "power": 10 },"apply": { "model": "block/redstone_wire/redstone_dust_corner_on", "y": 90 }},
			{   "when": { "north": "none", "south": "side|up", "west": "side|up", "east": "none", "power": 10 },"apply": { "model": "block/redstone_wire/redstone_dust_corner_on", "y": 180}},
			{   "when": { "north": "side|up", "south": "none", "west": "side|up", "east": "none", "power": 10 },"apply": { "model": "block/redstone_wire/redstone_dust_corner_on", "y": 270 }},
			
			{   "when": { "north": "side|up", "south": "none", "west": "none", "east": "side|up", "power": 11 },"apply": { "model": "block/redstone_wire/redstone_dust_corner_on"}},
			{   "when": { "north": "none", "south": "side|up", "west": "none", "east": "side|up", "power": 11 },"apply": { "model": "block/redstone_wire/redstone_dust_corner_on", "y": 90 }},
			{   "when": { "north": "none", "south": "side|up", "west": "side|up", "east": "none", "power": 11 },"apply": { "model": "block/redstone_wire/redstone_dust_corner_on", "y": 180}},
			{   "when": { "north": "side|up", "south": "none", "west": "side|up", "east": "none", "power": 11 },"apply": { "model": "block/redstone_wire/redstone_dust_corner_on", "y": 270 }},
			
			{   "when": { "north": "side|up", "south": "none", "west": "none", "east": "side|up", "power": 12 },"apply": { "model": "block/redstone_wire/redstone_dust_corner_on"}},
			{   "when": { "north": "none", "south": "side|up", "west": "none", "east": "side|up", "power": 12 },"apply": { "model": "block/redstone_wire/redstone_dust_corner_on", "y": 90 }},
			{   "when": { "north": "none", "south": "side|up", "west": "side|up", "east": "none", "power": 12 },"apply": { "model": "block/redstone_wire/redstone_dust_corner_on", "y": 180}},
			{   "when": { "north": "side|up", "south": "none", "west": "side|up", "east": "none", "power": 12 },"apply": { "model": "block/redstone_wire/redstone_dust_corner_on", "y": 270 }},
			
			{   "when": { "north": "side|up", "south": "none", "west": "none", "east": "side|up", "power": 13 },"apply": { "model": "block/redstone_wire/redstone_dust_corner_on"}},
			{   "when": { "north": "none", "south": "side|up", "west": "none", "east": "side|up", "power": 13 },"apply": { "model": "block/redstone_wire/redstone_dust_corner_on", "y": 90 }},
			{   "when": { "north": "none", "south": "side|up", "west": "side|up", "east": "none", "power": 13 },"apply": { "model": "block/redstone_wire/redstone_dust_corner_on", "y": 180}},
			{   "when": { "north": "side|up", "south": "none", "west": "side|up", "east": "none", "power": 13 },"apply": { "model": "block/redstone_wire/redstone_dust_corner_on", "y": 270 }},
			
			{   "when": { "north": "side|up", "south": "none", "west": "none", "east": "side|up", "power": 14 },"apply": { "model": "block/redstone_wire/redstone_dust_corner_on"}},
			{   "when": { "north": "none", "south": "side|up", "west": "none", "east": "side|up", "power": 14 },"apply": { "model": "block/redstone_wire/redstone_dust_corner_on", "y": 90 }},
			{   "when": { "north": "none", "south": "side|up", "west": "side|up", "east": "none", "power": 14 },"apply": { "model": "block/redstone_wire/redstone_dust_corner_on", "y": 180}},
			{   "when": { "north": "side|up", "south": "none", "west": "side|up", "east": "none", "power": 14 },"apply": { "model": "block/redstone_wire/redstone_dust_corner_on", "y": 270 }},
			
			{   "when": { "north": "side|up", "south": "none", "west": "none", "east": "side|up", "power": 15 },"apply": { "model": "block/redstone_wire/redstone_dust_corner_on"}},
			{   "when": { "north": "none", "south": "side|up", "west": "none", "east": "side|up", "power": 15 },"apply": { "model": "block/redstone_wire/redstone_dust_corner_on", "y": 90 }},
			{   "when": { "north": "none", "south": "side|up", "west": "side|up", "east": "none", "power": 15 },"apply": { "model": "block/redstone_wire/redstone_dust_corner_on", "y": 180}},
			{   "when": { "north": "side|up", "south": "none", "west": "side|up", "east": "none", "power": 15 },"apply": { "model": "block/redstone_wire/redstone_dust_corner_on", "y": 270 }},
			
			{   "when": { "north": "side|up", "south": "none", "west": "side|up", "east": "side|up", "power": 0 },"apply": { "model": "block/redstone_wire/redstone_dust_T"}},
			{   "when": { "north": "side|up", "south": "side|up", "west": "none", "east": "side|up", "power": 0 },"apply": { "model": "block/redstone_wire/redstone_dust_T", "y": 90}},
			{   "when": { "north": "none", "south": "side|up", "west": "side|up", "east": "side|up", "power": 0 },"apply": { "model": "block/redstone_wire/redstone_dust_T", "y": 180 }},
			{   "when": { "north": "side|up", "south": "side|up", "west": "side|up", "east": "none", "power": 0 },"apply": { "model": "block/redstone_wire/redstone_dust_T", "y": 270 }},
			
			{   "when": { "north": "side|up", "south": "none", "west": "side|up", "east": "side|up", "power": 1 },"apply": { "model": "block/redstone_wire/redstone_dust_T_on"}},
			{   "when": { "north": "side|up", "south": "side|up", "west": "none", "east": "side|up", "power": 1 },"apply": { "model": "block/redstone_wire/redstone_dust_T_on", "y": 90}},
			{   "when": { "north": "none", "south": "side|up", "west": "side|up", "east": "side|up", "power": 1 },"apply": { "model": "block/redstone_wire/redstone_dust_T_on", "y": 180 }},
			{   "when": { "north": "side|up", "south": "side|up", "west": "side|up", "east": "none", "power": 1 },"apply": { "model": "block/redstone_wire/redstone_dust_T_on", "y": 270 }},
			
			{   "when": { "north": "side|up", "south": "none", "west": "side|up", "east": "side|up", "power": 2 },"apply": { "model": "block/redstone_wire/redstone_dust_T_on"}},
			{   "when": { "north": "side|up", "south": "side|up", "west": "none", "east": "side|up", "power": 2 },"apply": { "model": "block/redstone_wire/redstone_dust_T_on", "y": 90}},
			{   "when": { "north": "none", "south": "side|up", "west": "side|up", "east": "side|up", "power": 2 },"apply": { "model": "block/redstone_wire/redstone_dust_T_on", "y": 180 }},
			{   "when": { "north": "side|up", "south": "side|up", "west": "side|up", "east": "none", "power": 2 },"apply": { "model": "block/redstone_wire/redstone_dust_T_on", "y": 270 }},
			
			{   "when": { "north": "side|up", "south": "none", "west": "side|up", "east": "side|up", "power": 3 },"apply": { "model": "block/redstone_wire/redstone_dust_T_on"}},
			{   "when": { "north": "side|up", "south": "side|up", "west": "none", "east": "side|up", "power": 3 },"apply": { "model": "block/redstone_wire/redstone_dust_T_on", "y": 90}},
			{   "when": { "north": "none", "south": "side|up", "west": "side|up", "east": "side|up", "power": 3 },"apply": { "model": "block/redstone_wire/redstone_dust_T_on", "y": 180 }},
			{   "when": { "north": "side|up", "south": "side|up", "west": "side|up", "east": "none", "power": 3 },"apply": { "model": "block/redstone_wire/redstone_dust_T_on", "y": 270 }},
			
			{   "when": { "north": "side|up", "south": "none", "west": "side|up", "east": "side|up", "power": 4 },"apply": { "model": "block/redstone_wire/redstone_dust_T_on"}},
			{   "when": { "north": "side|up", "south": "side|up", "west": "none", "east": "side|up", "power": 4 },"apply": { "model": "block/redstone_wire/redstone_dust_T_on", "y": 90}},
			{   "when": { "north": "none", "south": "side|up", "west": "side|up", "east": "side|up", "power": 4 },"apply": { "model": "block/redstone_wire/redstone_dust_T_on", "y": 180 }},
			{   "when": { "north": "side|up", "south": "side|up", "west": "side|up", "east": "none", "power": 4 },"apply": { "model": "block/redstone_wire/redstone_dust_T_on", "y": 270 }},
			
			{   "when": { "north": "side|up", "south": "none", "west": "side|up", "east": "side|up", "power": 5 },"apply": { "model": "block/redstone_wire/redstone_dust_T_on"}},
			{   "when": { "north": "side|up", "south": "side|up", "west": "none", "east": "side|up", "power": 5 },"apply": { "model": "block/redstone_wire/redstone_dust_T_on", "y": 90}},
			{   "when": { "north": "none", "south": "side|up", "west": "side|up", "east": "side|up", "power": 5 },"apply": { "model": "block/redstone_wire/redstone_dust_T_on", "y": 180 }},
			{   "when": { "north": "side|up", "south": "side|up", "west": "side|up", "east": "none", "power": 5 },"apply": { "model": "block/redstone_wire/redstone_dust_T_on", "y": 270 }},
			
			{   "when": { "north": "side|up", "south": "none", "west": "side|up", "east": "side|up", "power": 6 },"apply": { "model": "block/redstone_wire/redstone_dust_T_on"}},
			{   "when": { "north": "side|up", "south": "side|up", "west": "none", "east": "side|up", "power": 6 },"apply": { "model": "block/redstone_wire/redstone_dust_T_on", "y": 90}},
			{   "when": { "north": "none", "south": "side|up", "west": "side|up", "east": "side|up", "power": 6 },"apply": { "model": "block/redstone_wire/redstone_dust_T_on", "y": 180 }},
			{   "when": { "north": "side|up", "south": "side|up", "west": "side|up", "east": "none", "power": 6 },"apply": { "model": "block/redstone_wire/redstone_dust_T_on", "y": 270 }},
			
			{   "when": { "north": "side|up", "south": "none", "west": "side|up", "east": "side|up", "power": 7 },"apply": { "model": "block/redstone_wire/redstone_dust_T_on"}},
			{   "when": { "north": "side|up", "south": "side|up", "west": "none", "east": "side|up", "power": 7 },"apply": { "model": "block/redstone_wire/redstone_dust_T_on", "y": 90}},
			{   "when": { "north": "none", "south": "side|up", "west": "side|up", "east": "side|up", "power": 7 },"apply": { "model": "block/redstone_wire/redstone_dust_T_on", "y": 180 }},
			{   "when": { "north": "side|up", "south": "side|up", "west": "side|up", "east": "none", "power": 7 },"apply": { "model": "block/redstone_wire/redstone_dust_T_on", "y": 270 }},
			
			{   "when": { "north": "side|up", "south": "none", "west": "side|up", "east": "side|up", "power": 8 },"apply": { "model": "block/redstone_wire/redstone_dust_T_on"}},
			{   "when": { "north": "side|up", "south": "side|up", "west": "none", "east": "side|up", "power": 8 },"apply": { "model": "block/redstone_wire/redstone_dust_T_on", "y": 90}},
			{   "when": { "north": "none", "south": "side|up", "west": "side|up", "east": "side|up", "power": 8 },"apply": { "model": "block/redstone_wire/redstone_dust_T_on", "y": 180 }},
			{   "when": { "north": "side|up", "south": "side|up", "west": "side|up", "east": "none", "power": 8 },"apply": { "model": "block/redstone_wire/redstone_dust_T_on", "y": 270 }},
			
			{   "when": { "north": "side|up", "south": "none", "west": "side|up", "east": "side|up", "power": 9 },"apply": { "model": "block/redstone_wire/redstone_dust_T_on"}},
			{   "when": { "north": "side|up", "south": "side|up", "west": "none", "east": "side|up", "power": 9 },"apply": { "model": "block/redstone_wire/redstone_dust_T_on", "y": 90}},
			{   "when": { "north": "none", "south": "side|up", "west": "side|up", "east": "side|up", "power": 9 },"apply": { "model": "block/redstone_wire/redstone_dust_T_on", "y": 180 }},
			{   "when": { "north": "side|up", "south": "side|up", "west": "side|up", "east": "none", "power": 9 },"apply": { "model": "block/redstone_wire/redstone_dust_T_on", "y": 270 }},
			
			{   "when": { "north": "side|up", "south": "none", "west": "side|up", "east": "side|up", "power": 10 },"apply": { "model": "block/redstone_wire/redstone_dust_T_on"}},
			{   "when": { "north": "side|up", "south": "side|up", "west": "none", "east": "side|up", "power": 10 },"apply": { "model": "block/redstone_wire/redstone_dust_T_on", "y": 90}},
			{   "when": { "north": "none", "south": "side|up", "west": "side|up", "east": "side|up", "power": 10 },"apply": { "model": "block/redstone_wire/redstone_dust_T_on", "y": 180 }},
			{   "when": { "north": "side|up", "south": "side|up", "west": "side|up", "east": "none", "power": 10 },"apply": { "model": "block/redstone_wire/redstone_dust_T_on", "y": 270 }},
			
			{   "when": { "north": "side|up", "south": "none", "west": "side|up", "east": "side|up", "power": 11 },"apply": { "model": "block/redstone_wire/redstone_dust_T_on"}},
			{   "when": { "north": "side|up", "south": "side|up", "west": "none", "east": "side|up", "power": 11 },"apply": { "model": "block/redstone_wire/redstone_dust_T_on", "y": 90}},
			{   "when": { "north": "none", "south": "side|up", "west": "side|up", "east": "side|up", "power": 11 },"apply": { "model": "block/redstone_wire/redstone_dust_T_on", "y": 180 }},
			{   "when": { "north": "side|up", "south": "side|up", "west": "side|up", "east": "none", "power": 11 },"apply": { "model": "block/redstone_wire/redstone_dust_T_on", "y": 270 }},
			
			{   "when": { "north": "side|up", "south": "none", "west": "side|up", "east": "side|up", "power": 12 },"apply": { "model": "block/redstone_wire/redstone_dust_T_on"}},
			{   "when": { "north": "side|up", "south": "side|up", "west": "none", "east": "side|up", "power": 12 },"apply": { "model": "block/redstone_wire/redstone_dust_T_on", "y": 90}},
			{   "when": { "north": "none", "south": "side|up", "west": "side|up", "east": "side|up", "power": 12 },"apply": { "model": "block/redstone_wire/redstone_dust_T_on", "y": 180 }},
			{   "when": { "north": "side|up", "south": "side|up", "west": "side|up", "east": "none", "power": 12 },"apply": { "model": "block/redstone_wire/redstone_dust_T_on", "y": 270 }},
			
			{   "when": { "north": "side|up", "south": "none", "west": "side|up", "east": "side|up", "power": 13 },"apply": { "model": "block/redstone_wire/redstone_dust_T_on"}},
			{   "when": { "north": "side|up", "south": "side|up", "west": "none", "east": "side|up", "power": 13 },"apply": { "model": "block/redstone_wire/redstone_dust_T_on", "y": 90}},
			{   "when": { "north": "none", "south": "side|up", "west": "side|up", "east": "side|up", "power": 13 },"apply": { "model": "block/redstone_wire/redstone_dust_T_on", "y": 180 }},
			{   "when": { "north": "side|up", "south": "side|up", "west": "side|up", "east": "none", "power": 13 },"apply": { "model": "block/redstone_wire/redstone_dust_T_on", "y": 270 }},
			
			{   "when": { "north": "side|up", "south": "none", "west": "side|up", "east": "side|up", "power": 14 },"apply": { "model": "block/redstone_wire/redstone_dust_T_on"}},
			{   "when": { "north": "side|up", "south": "side|up", "west": "none", "east": "side|up", "power": 14 },"apply": { "model": "block/redstone_wire/redstone_dust_T_on", "y": 90}},
			{   "when": { "north": "none", "south": "side|up", "west": "side|up", "east": "side|up", "power": 14 },"apply": { "model": "block/redstone_wire/redstone_dust_T_on", "y": 180 }},
			{   "when": { "north": "side|up", "south": "side|up", "west": "side|up", "east": "none", "power": 14 },"apply": { "model": "block/redstone_wire/redstone_dust_T_on", "y": 270 }},
			
			{   "when": { "north": "side|up", "south": "none", "west": "side|up", "east": "side|up", "power": 15 },"apply": { "model": "block/redstone_wire/redstone_dust_T_on"}},
			{   "when": { "north": "side|up", "south": "side|up", "west": "none", "east": "side|up", "power": 15 },"apply": { "model": "block/redstone_wire/redstone_dust_T_on", "y": 90}},
			{   "when": { "north": "none", "south": "side|up", "west": "side|up", "east": "side|up", "power": 15 },"apply": { "model": "block/redstone_wire/redstone_dust_T_on", "y": 180 }},
			{   "when": { "north": "side|up", "south": "side|up", "west": "side|up", "east": "none", "power": 15 },"apply": { "model": "block/redstone_wire/redstone_dust_T_on", "y": 270 }}
  ]
}