{
	"credit": "Made with Blockbench",
	"textures": {
		"0": "block/model_textures/black",
		"2": "block/model_textures/lever_plate",
		"particle": "block/model_textures/black"
	},
	"elements": [
		{
			"from": [11, 0, 7],
			"to": [15, 0.75, 9],
			"rotation": {"angle": 0, "axis": "y", "origin": [8, 1.77394, 7.69655]},
			"faces": {
				"north": {"uv": [0, 0, 4, 2], "texture": "#0"},
				"east": {"uv": [0, 0, 4, 2], "texture": "#0"},
				"south": {"uv": [0, 0, 4, 2], "texture": "#0"},
				"west": {"uv": [0, 0, 4, 2], "texture": "#0"},
				"up": {"uv": [0, 0, 4, 2], "texture": "#0"},
				"down": {"uv": [0, 0, 4, 2], "texture": "#0"}
			}
		},
		{
			"from": [15, 0, 6.5],
			"to": [16, 1.5, 9.5],
			"rotation": {"angle": 0, "axis": "y", "origin": [8, 1.77394, 7.69655]},
			"faces": {
				"north": {"uv": [0, 0, 1, 3], "texture": "#0"},
				"east": {"uv": [0, 0, 1, 3], "texture": "#0"},
				"south": {"uv": [0, 0, 1, 3], "texture": "#0"},
				"west": {"uv": [0, 0, 1, 3], "texture": "#0"},
				"up": {"uv": [0, 0, 1, 3], "texture": "#0"},
				"down": {"uv": [0, 0, 1, 3], "texture": "#0"}
			}
		},
		{
			"from": [6.5, 0, 15],
			"to": [9.5, 1.5, 16],
			"rotation": {"angle": 0, "axis": "y", "origin": [8, 1.77394, 7.69655]},
			"faces": {
				"north": {"uv": [0, 0, 1, 3], "texture": "#0"},
				"east": {"uv": [0, 0, 1, 3], "texture": "#0"},
				"south": {"uv": [0, 0, 1, 3], "texture": "#0"},
				"west": {"uv": [0, 0, 1, 3], "texture": "#0"},
				"up": {"uv": [0, 0, 1, 3], "rotation": 270, "texture": "#0"},
				"down": {"uv": [0, 0, 1, 3], "rotation": 90, "texture": "#0"}
			}
		},
		{
			"from": [7, 0, 12],
			"to": [9, 0.75, 15],
			"rotation": {"angle": 0, "axis": "y", "origin": [8, 1.77394, 7.69655]},
			"faces": {
				"north": {"uv": [0, 0, 4, 2], "texture": "#0"},
				"east": {"uv": [0, 0, 4, 2], "texture": "#0"},
				"south": {"uv": [0, 0, 4, 2], "texture": "#0"},
				"west": {"uv": [0, 0, 4, 2], "texture": "#0"},
				"up": {"uv": [0, 0, 4, 2], "texture": "#0"},
				"down": {"uv": [0, 0, 4, 2], "texture": "#0"}
			}
		},
		{
			"from": [0, 0, 6.5],
			"to": [1, 1.5, 9.5],
			"rotation": {"angle": 0, "axis": "y", "origin": [8, 1.77394, 7.69655]},
			"faces": {
				"north": {"uv": [0, 0, 1, 3], "texture": "#0"},
				"east": {"uv": [0, 0, 1, 3], "texture": "#0"},
				"south": {"uv": [0, 0, 1, 3], "texture": "#0"},
				"west": {"uv": [0, 0, 1, 3], "texture": "#0"},
				"up": {"uv": [0, 0, 1, 3], "texture": "#0"},
				"down": {"uv": [0, 0, 1, 3], "texture": "#0"}
			}
		},
		{
			"from": [1, 0, 7],
			"to": [5, 0.75, 9],
			"rotation": {"angle": 0, "axis": "y", "origin": [8, 1.77394, 7.69655]},
			"faces": {
				"north": {"uv": [0, 0, 4, 2], "texture": "#0"},
				"east": {"uv": [0, 0, 4, 2], "texture": "#0"},
				"south": {"uv": [0, 0, 4, 2], "texture": "#0"},
				"west": {"uv": [0, 0, 4, 2], "texture": "#0"},
				"up": {"uv": [0, 0, 4, 2], "texture": "#0"},
				"down": {"uv": [0, 0, 4, 2], "texture": "#0"}
			}
		},
		{
			"from": [6.5, 0, 0],
			"to": [9.5, 1.5, 1],
			"rotation": {"angle": 0, "axis": "y", "origin": [8, 1.77394, 7.69655]},
			"faces": {
				"north": {"uv": [0, 0, 1, 3], "texture": "#0"},
				"east": {"uv": [0, 0, 1, 3], "texture": "#0"},
				"south": {"uv": [0, 0, 1, 3], "texture": "#0"},
				"west": {"uv": [0, 0, 1, 3], "texture": "#0"},
				"up": {"uv": [0, 0, 1, 3], "rotation": 270, "texture": "#0"},
				"down": {"uv": [0, 0, 1, 3], "rotation": 90, "texture": "#0"}
			}
		},
		{
			"from": [7, 0, 1],
			"to": [9, 0.75, 4],
			"rotation": {"angle": 0, "axis": "y", "origin": [8, 1.77394, 7.69655]},
			"faces": {
				"north": {"uv": [0, 0, 4, 2], "texture": "#0"},
				"east": {"uv": [0, 0, 4, 2], "texture": "#0"},
				"south": {"uv": [0, 0, 4, 2], "texture": "#0"},
				"west": {"uv": [0, 0, 4, 2], "texture": "#0"},
				"up": {"uv": [0, 0, 4, 2], "texture": "#0"},
				"down": {"uv": [0, 0, 4, 2], "texture": "#0"}
			}
		},
		{
			"from": [5, 0, 4],
			"to": [11, 2, 12],
			"rotation": {"angle": 0, "axis": "y", "origin": [8, 1.77394, 7.69655]},
			"faces": {
				"north": {"uv": [0, 0, 6, 8], "texture": "#0"},
				"east": {"uv": [0, 0, 6, 8], "texture": "#0"},
				"south": {"uv": [0, 0, 6, 8], "texture": "#0"},
				"west": {"uv": [0, 0, 6, 8], "texture": "#0"},
				"up": {"uv": [0, 0, 6, 8], "texture": "#0"},
				"down": {"uv": [0, 0, 6, 8], "texture": "#0"}
			}
		},
		{
			"from": [5, 2, 5.5],
			"to": [6, 3, 10.5],
			"rotation": {"angle": 0, "axis": "y", "origin": [8, 1.77394, 7.69655]},
			"faces": {
				"north": {"uv": [0, 0, 6, 8], "texture": "#0"},
				"east": {"uv": [0, 0, 6, 8], "texture": "#0"},
				"south": {"uv": [0, 0, 6, 8], "texture": "#0"},
				"west": {"uv": [0, 0, 6, 8], "texture": "#0"},
				"up": {"uv": [0, 2, 1, 7], "texture": "#0"},
				"down": {"uv": [0, 0, 6, 8], "texture": "#0"}
			}
		},
		{
			"from": [5, 2, 4],
			"to": [11, 3, 5.5],
			"rotation": {"angle": 0, "axis": "y", "origin": [8, 2.5, 4.75]},
			"faces": {
				"north": {"uv": [0, 0, 6, 8], "texture": "#0"},
				"east": {"uv": [0, 0, 6, 8], "texture": "#0"},
				"south": {"uv": [0, 0, 6, 8], "texture": "#0"},
				"west": {"uv": [0, 0, 6, 8], "texture": "#0"},
				"up": {"uv": [5, 14.2, 11, 15.7], "rotation": 180, "texture": "#2"},
				"down": {"uv": [0, 0, 6, 8], "rotation": 180, "texture": "#0"}
			}
		},
		{
			"from": [5, 2, 10.5],
			"to": [11, 3, 12],
			"rotation": {"angle": 0, "axis": "y", "origin": [8, 2.5, 11.25]},
			"faces": {
				"north": {"uv": [0, 0, 6, 8], "texture": "#0"},
				"east": {"uv": [0, 0, 6, 8], "texture": "#0"},
				"south": {"uv": [0, 0, 6, 8], "texture": "#0"},
				"west": {"uv": [0, 0, 6, 8], "texture": "#0"},
				"up": {"uv": [5, 0, 11, 1.5], "rotation": 180, "texture": "#2"},
				"down": {"uv": [0, 0, 6, 8], "rotation": 180, "texture": "#0"}
			}
		},
		{
			"from": [10, 2, 5.5],
			"to": [11, 3, 10.5],
			"rotation": {"angle": 0, "axis": "y", "origin": [8, 1.77394, 7.69655]},
			"faces": {
				"north": {"uv": [0, 0, 6, 8], "texture": "#0"},
				"east": {"uv": [0, 0, 6, 8], "texture": "#0"},
				"south": {"uv": [0, 0, 6, 8], "texture": "#0"},
				"west": {"uv": [0, 0, 6, 8], "texture": "#0"},
				"up": {"uv": [0, 2, 1, 7], "texture": "#0"},
				"down": {"uv": [0, 0, 6, 8], "texture": "#0"}
			}
		},
		{
			"from": [7, 2, 5.5],
			"to": [9, 3, 10.5],
			"rotation": {"angle": 0, "axis": "y", "origin": [8, 1.77394, 7.69655]},
			"faces": {
				"north": {"uv": [0, 0, 6, 8], "texture": "#0"},
				"east": {"uv": [0, 0, 6, 8], "texture": "#0"},
				"south": {"uv": [0, 0, 6, 8], "texture": "#0"},
				"west": {"uv": [0, 0, 6, 8], "texture": "#0"},
				"up": {"uv": [0, 2, 2, 7], "texture": "#0"},
				"down": {"uv": [0, 0, 6, 8], "texture": "#0"}
			}
		},
		{
			"from": [9, 0.5, 5.5],
			"to": [10, 6, 6.5],
			"rotation": {"angle": -45, "axis": "x", "origin": [8, 4.0523, 6.28046]},
			"faces": {
				"north": {"uv": [0, 0, 1, 5], "texture": "#0"},
				"east": {"uv": [0, 0, 1, 5], "texture": "#0"},
				"south": {"uv": [0, 0, 1, 5], "texture": "#0"},
				"west": {"uv": [0, 0, 1, 5], "texture": "#0"},
				"up": {"uv": [0, 0, 1, 5], "texture": "#0"},
				"down": {"uv": [0, 0, 1, 5], "texture": "#0"}
			}
		},
		{
			"from": [7, 5, 5.5],
			"to": [9, 6, 6.5],
			"rotation": {"angle": -45, "axis": "x", "origin": [8, 4.0523, 6.28046]},
			"faces": {
				"north": {"uv": [0, 0, 1, 5], "texture": "#0"},
				"east": {"uv": [0, 0, 1, 5], "texture": "#0"},
				"south": {"uv": [0, 0, 1, 5], "texture": "#0"},
				"west": {"uv": [0, 0, 1, 5], "texture": "#0"},
				"up": {"uv": [0, 0, 1, 5], "texture": "#0"},
				"down": {"uv": [0, 0, 1, 5], "texture": "#0"}
			}
		},
		{
			"from": [6, 0.5, 5.5],
			"to": [7, 6, 6.5],
			"rotation": {"angle": -45, "axis": "x", "origin": [8, 4.0523, 6.28046]},
			"faces": {
				"north": {"uv": [0, 0, 1, 5], "texture": "#0"},
				"east": {"uv": [0, 0, 1, 5], "texture": "#0"},
				"south": {"uv": [0, 0, 1, 5], "texture": "#0"},
				"west": {"uv": [0, 0, 1, 5], "texture": "#0"},
				"up": {"uv": [0, 0, 1, 5], "texture": "#0"},
				"down": {"uv": [0, 0, 1, 5], "texture": "#0"}
			}
		}
	],
	"groups": [
		{
			"name": "wire",
			"origin": [17, 8, 10],
			"children": [0, 1, 2, 3, 4, 5, 6, 7]
		},
		{
			"name": "base",
			"origin": [16, 10, 14],
			"children": [8, 9, 10, 11, 12, 13]
		},
		{
			"name": "lever",
			"origin": [6.5, 3.5, 6.5],
			"children": [14, 15, 16]
		}
	]
}