{
	"credit": "by Raphoulfifou, made with Blockbench",
	"textures": {
		"0": "block/model_textures/redstone_dust_dot",
		"particle": "block/model_textures/redstone_dust_dot"
	},
	"elements": [
		{
			"from": [7, 0, 0],
			"to": [9, 0.75, 7],
			"rotation": {"angle": 0, "axis": "y", "origin": [15, 8, 8.25]},
			"faces": {
				"north": {"uv": [0, 0, 0.25, 1], "texture": "#0"},
				"east": {"uv": [0, 0, 0.25, 1], "texture": "#0"},
				"south": {"uv": [0, 0, 0.25, 1], "texture": "#0"},
				"west": {"uv": [0, 0, 0.25, 1], "texture": "#0"},
				"up": {"uv": [0, 0, 0.25, 1], "texture": "#0"},
				"down": {"uv": [0, 0, 0.25, 1], "texture": "#0"}
			}
		},
		{
			"from": [6.75, 0, 5],
			"to": [7, 0.75, 9.25],
			"rotation": {"angle": 0, "axis": "y", "origin": [14, 8, 11.25]},
			"faces": {
				"north": {"uv": [0, 0, 0.25, 1], "texture": "#0"},
				"east": {"uv": [0, 0, 0.25, 1], "texture": "#0"},
				"south": {"uv": [0, 0, 0.25, 1], "texture": "#0"},
				"west": {"uv": [0, 0, 0.25, 1], "texture": "#0"},
				"up": {"uv": [0, 0, 0.25, 1], "texture": "#0"},
				"down": {"uv": [0, 0, 0.25, 1], "texture": "#0"}
			}
		},
		{
			"from": [9, 0, 5],
			"to": [9.25, 0.75, 7],
			"rotation": {"angle": 0, "axis": "y", "origin": [16.25, 8, 11.25]},
			"faces": {
				"north": {"uv": [0, 0, 0.25, 1], "texture": "#0"},
				"east": {"uv": [0, 0, 0.25, 1], "texture": "#0"},
				"south": {"uv": [0, 0, 0.25, 1], "texture": "#0"},
				"west": {"uv": [0, 0, 0.25, 1], "texture": "#0"},
				"up": {"uv": [0, 0, 0.25, 1], "texture": "#0"},
				"down": {"uv": [0, 0, 0.25, 1], "texture": "#0"}
			}
		},
		{
			"from": [7, 0, 9],
			"to": [11.25, 0.75, 9.25],
			"rotation": {"angle": 0, "axis": "y", "origin": [14.25, 8, 15.25]},
			"faces": {
				"north": {"uv": [0, 0, 0.25, 1], "texture": "#0"},
				"east": {"uv": [0, 0, 0.25, 1], "texture": "#0"},
				"south": {"uv": [0, 0, 0.25, 1], "texture": "#0"},
				"west": {"uv": [0, 0, 0.25, 1], "texture": "#0"},
				"up": {"uv": [0, 0, 0.25, 1], "texture": "#0"},
				"down": {"uv": [0, 0, 0.25, 1], "texture": "#0"}
			}
		},
		{
			"from": [9.25, 0, 6.75],
			"to": [11.25, 0.75, 7],
			"rotation": {"angle": 0, "axis": "y", "origin": [14.25, 8, 13]},
			"faces": {
				"north": {"uv": [0, 0, 0.25, 1], "texture": "#0"},
				"east": {"uv": [0, 0, 0.25, 1], "texture": "#0"},
				"south": {"uv": [0, 0, 0.25, 1], "texture": "#0"},
				"west": {"uv": [0, 0, 0.25, 1], "texture": "#0"},
				"up": {"uv": [0, 0, 0.25, 1], "texture": "#0"},
				"down": {"uv": [0, 0, 0.25, 1], "texture": "#0"}
			}
		},
		{
			"from": [7, 0, 7],
			"to": [16, 0.75, 9],
			"rotation": {"angle": 0, "axis": "y", "origin": [15, 8, 10.25]},
			"faces": {
				"north": {"uv": [0, 0, 0.25, 1], "texture": "#0"},
				"east": {"uv": [0, 0, 0.25, 1], "texture": "#0"},
				"south": {"uv": [0, 0, 0.25, 1], "texture": "#0"},
				"west": {"uv": [0, 0, 0.25, 1], "texture": "#0"},
				"up": {"uv": [0, 0, 0.25, 1], "texture": "#0"},
				"down": {"uv": [0, 0, 0.25, 1], "texture": "#0"}
			}
		},
		{
			"from": [6.75, 0.75, 6.75],
			"to": [11.25, 1, 9.25],
			"rotation": {"angle": 0, "axis": "y", "origin": [14.75, 8.75, 10.5]},
			"faces": {
				"north": {"uv": [0, 0, 0.25, 1], "texture": "#0"},
				"east": {"uv": [0, 0, 0.25, 1], "texture": "#0"},
				"south": {"uv": [0, 0, 0.25, 1], "texture": "#0"},
				"west": {"uv": [0, 0, 0.25, 1], "texture": "#0"},
				"up": {"uv": [0, 0, 0.25, 1], "texture": "#0"},
				"down": {"uv": [0, 0, 0.25, 1], "texture": "#0"}
			}
		},
		{
			"from": [6.75, 0.75, 5],
			"to": [9.25, 1, 6.75],
			"rotation": {"angle": 0, "axis": "y", "origin": [14.75, 8.75, 8.5]},
			"faces": {
				"north": {"uv": [0, 0, 0.25, 1], "texture": "#0"},
				"east": {"uv": [0, 0, 0.25, 1], "texture": "#0"},
				"south": {"uv": [0, 0, 0.25, 1], "texture": "#0"},
				"west": {"uv": [0, 0, 0.25, 1], "texture": "#0"},
				"up": {"uv": [0, 0, 0.25, 1], "texture": "#0"},
				"down": {"uv": [0, 0, 0.25, 1], "texture": "#0"}
			}
		}
	],
	"groups": [
		{
			"name": "wire",
			"origin": [8, 8, 13.75],
			"children": [0, 1, 2, 3, 4, 5, 6, 7]
		}
	]
}