{
    "parent": "minecraft:recipes/root",
    "criteria": {
        "has_item": {
            "trigger": "minecraft:inventory_changed",
            "conditions": {
                "items": [
                    {
                        "item": "minecraft:polished_deepslate_slab"
                    }
                ]
            }
        }
    },
    "requirements": [
        [
            "has_item"
        ]
    ],
    "rewards": {
        "recipes": [
            "crafting:polished_deepslate"
        ]
    }
}
