{
    "parent": "minecraft:recipes/root",
    "criteria": {
        "has_block": {
            "trigger": "minecraft:inventory_changed",
            "conditions": {
                "items": [
                    {
                        "item": "minecraft:obsidian"
                    }
                ]
            }
        },
        "has_bars": {
            "trigger": "minecraft:inventory_changed",
            "conditions": {
                "items": [
                    {
                        "item": "minecraft:iron_bars"
                    }
                ]
            }
        }
    },
    "requirements": [
        [
            "has_block",
			"has_bars"
        ]
    ],
    "rewards": {
        "recipes": [
            "crafting:spawner"
        ]
    }
}
