{
    "parent": "minecraft:recipes/root",
    "criteria": {
        "has_diamond": {
            "trigger": "minecraft:inventory_changed",
            "conditions": {
                "items": [
                    {
                        "item": "minecraft:diamond"
                    }
                ]
            }
        },
        "has_stick": {
            "trigger": "minecraft:inventory_changed",
            "conditions": {
                "items": [
                    {
                        "item": "minecraft:stick"
                    }
                ]
            }
        },
        "has_quartz": {
            "trigger": "minecraft:inventory_changed",
            "conditions": {
                "items": [
                    {
                        "item": "minecraft:quartz"
                    }
                ]
            }
        }
    },
    "requirements": [
        [
            "has_diamond",
			"has_stick",
			"has_quartz"
        ]
    ],
    "rewards": {
        "recipes": [
            "crafting:trident"
        ]
    }
}
