{
	"credit": "by Raphoulfifou, made with Blockbench",
	"textures": {
		"0": "block/model_textures/redstone_dust_dot",
		"2": "block/model_textures/redstone_dust",
		"particle": "block/model_textures/redstone_dust_dot"
	},
	"elements": [
		{
			"from": [7, 0, 0],
			"to": [9, 0.75, 16],
			"rotation": {"angle": 0, "axis": "y", "origin": [15, 8, 8.25]},
			"faces": {
				"north": {"uv": [0, 0, 0.25, 1], "texture": "#0"},
				"east": {"uv": [0, 0, 0.25, 1], "texture": "#0"},
				"south": {"uv": [0, 0, 0.25, 1], "texture": "#0"},
				"west": {"uv": [0, 0, 0.25, 1], "texture": "#0"},
				"up": {"uv": [0, 0, 0.25, 1], "texture": "#0"},
				"down": {"uv": [0, 0, 0.25, 1], "texture": "#0"}
			}
		},
		{
			"from": [7.75, 0.75, 0],
			"to": [8.25, 0.8, 16],
			"rotation": {"angle": 0, "axis": "y", "origin": [14.75, 8.8, 8.25]},
			"faces": {
				"north": {"uv": [0, 0, 0.5, 16], "texture": "#2"},
				"east": {"uv": [0, 0, 0.5, 16], "texture": "#2"},
				"south": {"uv": [0, 0, 0.5, 16], "texture": "#2"},
				"west": {"uv": [0, 0, 0.5, 16], "texture": "#2"},
				"up": {"uv": [0, 0, 0.5, 16], "texture": "#2"},
				"down": {"uv": [0, 0, 0.5, 16], "texture": "#2"}
			}
		}
	],
	"groups": [
		{
			"name": "wire",
			"origin": [8, 8, 13.75],
			"children": [0, 1]
		}
	]
}